<xml> <group id="Age under 3=100%" description="Age under three 100% Discount" outputafteractions="false" validfrom="2016-01-01" validuntil="2016-12-31">	<subgroup id="Check Age" description="Check Age under 3" ruleoperator="and"  intergroupoperator="and">	<rule id="Check Age" description="Check Age">		<object classname="com.datamelt.util.RowFieldCollection" method="getFieldValue" parametertype="string" parameter="age" type="long"/>		<expected value="3" type="integer"/>		<execute value="com.datamelt.rules.implementation.CheckIsSmaller">		</execute>		<message type="failed" text="Field age $1 incorrectly not is smaller than $0" />		<message type="passed" text="Field age $1 correctly is smaller than $0" />	</rule>	</subgroup>	<action id="Set 100% discount" description="Set 100% discount" classname="com.datamelt.rules.core.action.MathAction" method="setValue" executeif="passed">		<parameter type="long" value="100"/>				<object classname="com.datamelt.util.RowFieldCollection" type="setter" method="setFieldValue">			<parameter type="string" value="discount_percent"/>			<parameter type="long" settervalue="true"/>		</object>	</action></group></xml>