<xml> <group id="Europe 50+ 25%" description="Discount 25% with Destination Europe and Age 50+" outputafteractions="false" validfrom="2016-06-01" validuntil="2099-12-31">	<subgroup id="subgroup_1" description="subgroup 1" ruleoperator="and"  intergroupoperator="and">	<rule id="Check Age 50+" description="Check Age 50+">		<object classname="com.datamelt.util.RowFieldCollection" method="getFieldValue" parametertype="string" parameter="age" type="long"/>		<expected value="50" type="long"/>		<execute value="com.datamelt.rules.implementation.CheckIsGreaterOrEqual">		</execute>		<message type="failed" text="Field Age $1 incorrectly not is greater or equal than $0" />		<message type="passed" text="Field Age $1 correctly is greater or equal than $0" />	</rule>	<rule id="Destination Europe" description="Destination Region Europe">		<object classname="com.datamelt.util.RowFieldCollection" method="getFieldValue" parametertype="string" parameter="destination_region" type="string"/>		<expected value="Europe" type="string"/>		<execute value="com.datamelt.rules.implementation.CheckIsEqual">		</execute>		<message type="failed" text="Field Destination Region $1 incorrectly not  $0" />		<message type="passed" text="Field Destination Region $1 correctly  $0" />	</rule>	</subgroup>	<action id="Set 25% discount" description="Set 25% discount" classname="com.datamelt.rules.core.action.MathAction" method="setValue" executeif="passed">		<parameter type="long" value="25"/>				<object classname="com.datamelt.util.RowFieldCollection" type="setter" method="setFieldValue">			<parameter type="string" value="discount_percent"/>			<parameter type="double" settervalue="true"/>		</object>	</action></group></xml>