<xml> <group id="rulegroup_01" description="rulegroup_01" outputafteractions="false" validfrom="2015-10-10" validuntil="2015-12-31">	<subgroup id="subgroup_1" description="subgroup 1" ruleoperator="and"  intergroupoperator="and">	<rule id="rule_01" description="rule_01">		<object classname="com.datamelt.util.RowFieldCollection" method="getFieldValue" parametertype="string" parameter="country" type="string"/>		<expected value="belgium" type="string"/>		<execute value="com.datamelt.rules.implementation.CheckIsEqual">				<parameter type="boolean" value="true"/>		</execute>		<message type="failed" text="Field country $1 not is equal to $0" />		<message type="passed" text="Field country $1 correctly is equal to $0" />	</rule>	</subgroup></group></xml>